"ID";"RestaurantID";"FileName";"PictureIntro"
1;1;"8ee75a3f-49ca-4d19-9489-553f4cb64c21.jpg";"秦唐中餐厅"
2;1;"83e44662-a998-4e95-a726-65a4747eb9cd.jpg";"秦唐中餐厅"
3;1;"96848457-5733-4107-b4da-29f3842c80fa.jpg";"秦唐中餐厅"
4;1;"11ef800d-65e0-4b6f-9f4d-2de4811ca0ff.jpg";"秦唐中餐厅"
5;1;"7b6105ad-d688-4e6e-adf7-08f1de737727.jpg";"秦唐中餐厅-秦唐养生烤鸭"
6;2;"4b4591c2-8f25-4785-87f5-d131b20f1f5d.jpg";"焰吧扒房"
7;2;"d71cf0b3-b1c3-431f-bf76-f702addb2b6f.jpg";"焰吧扒房"
8;2;"21e64bcc-ebd5-4dba-9526-965f987648d7.jpg";"行政主厨和行政副主厨"
9;2;"7b74d7cd-77d7-47e7-ba93-c890518383ae.jpg";"焰吧扒房-巧克力黑森林蛋糕"
10;2;"f9fe5819-2afe-4202-88e9-484a786b6895.jpg";"焰吧扒房-生片澳洲牛肉"
11;3;"ad0c81b8-0931-4f82-8fdb-4b954f56fd43.jpg";"万斯阁西餐厅"
12;3;"09e0bcad-4775-4c26-b6ee-983b9ab1ff7f.jpg";"万斯阁西餐厅"
13;3;"a14267bc-fd49-4d35-a187-c29b5d32bf4c.jpg";"万斯阁西餐厅"
14;3;"64204f18-6c2a-4ea0-bb1d-c910360e3405.jpg";"万斯阁自助餐"
15;3;"9a31f9d6-4339-4e52-b5b9-2175c3ef7f5c.jpg";"万斯阁西餐厅-墨西哥玉米饼"
16;4;"28d278d7-9b48-45e7-b1c7-4600c5a96e71.jpg";"书阁"
17;4;"f939141d-bfa6-4fca-93f6-53ee50e1fe8e.jpg";"书阁"
18;4;"2b36e85c-a2a1-40f5-9054-2ace7fdc2922.jpg";"书阁下午茶"
19;4;"7f9fca96-ac20-4b51-9aea-fd2d8b8fc3a9.jpg";"书阁下午茶"
20;4;"a6b888f6-57fb-4f5e-bd1e-3436ed68c297.jpg";"书阁下午茶"
21;5;"e9488f66-aca5-4a55-af56-bd193d144d80.jpg";"美酒河"
22;6;"4dbe64fe-3ee1-45c4-aebe-3b2213e921c7.jpg";"焰吧"
23;6;"a7310a15-fa4e-40a3-9a7f-9ac1024298ca.jpg";"焰吧"
24;6;"2e0acde5-d808-421c-a371-3daaf34195c8.jpg";"焰吧"
25;6;"5c17148c-fbce-43bd-bfff-c18aeeab76be.jpg";"焰吧"
26;7;"fdec3ec6-b446-4f9f-b734-98a1d5e031dc.jpg";"东方路一号"
27;8;"58a015f6-f31f-4a98-965d-bb6a34cbdd3a.jpg";"元素阁"
28;9;"1048bd72-3b3b-42da-838d-8f1db020c29a.jpg";"颐达吧"
29;10;"ba7945dd-f4ce-4809-9bbc-c1ccd257bbba.jpg";"汤尼酒廊"
30;11;"93d16031-ca65-4ea7-b02f-76bfbb8a3445.jpg";"咖啡基诺"
31;12;"64fcb83e-d18b-4821-a757-ac69640f4659.jpg";"东西风扒房"
32;12;"bb173868-ecda-43d7-9984-b54297b35b9a.jpg";""
33;12;"ca4cb623-2008-4061-8f17-ebc73232c478.jpg";""
34;12;"dc5a9290-0295-4f4c-880c-e39d743d1aad.jpg";""
35;12;"e9067a0a-cfdb-41b2-b1cd-496fe090f6b9.jpg";""
36;13;"22dfd8b9-643f-4f6d-b191-09d35cf7e444.jpg";"腾香居"
37;13;"4b96a605-dbd9-46c3-86c1-7d856edc58ae.jpg";""
38;13;"8c1d987a-8ba7-4ce9-9597-3e5af89847a2.jpg";""
39;13;"c00df05b-f747-4094-9f1d-e0f9026274bb.jpg";""
40;13;"2a393a79-429c-4d7b-85c7-daa46b1dad18.jpg";""
41;14;"d9f6f1d7-48cd-439f-83e1-f4f9882250b1.jpg";"粤尚"
42;14;"9e332283-78b8-4243-8256-b5034f478dde.jpg";""
43;14;"45287ae4-718c-4996-abf6-886b26a97c7f.jpg";""
44;14;"5f201f38-7b3e-4cc2-9590-4daeb2337978.jpg";""
45;14;"68a286e1-0b0b-4d97-b489-6b969b1e6216.jpg";""
46;15;"1259a3cc-ecf1-4afa-bd4d-60131af13e1b.jpg";"龙吧"
47;16;"d2a7b068-0d42-4cf6-99f2-8168dfd1c166.jpg";"酒店大堂吧"
48;17;"e0ecd730-3627-4124-8e2a-857a53fbe57f.jpg";"360°全日餐厅"
49;17;"aa50ffa8-078d-4939-94dd-ca2af36c496f.jpg";""
50;17;"ec86a1d5-2162-4c61-b56a-f4bcc745bc24.jpg";""
51;17;"855382cf-a585-47c6-87c9-89f10ef8891e.jpg";""
52;17;"90d8ec9e-6b35-44a6-b440-0f73d11ecba2.jpg";""
53;18;"c16d3040-ef00-45c8-abd7-f9de8fd4cfc9.jpg";"荣尊1893"
54;19;"095724da-b9ce-4cbb-8f2f-4f4407f6c339.jpg";"羿庭（孔雀廊）"
55;20;"b6007fa5-28ef-40a6-958f-abca2f1b7ca9.jpg";"紫金阁"
56;20;"c9a542d8-ed47-4b6f-8ab5-7de9bd84de72.jpg";"紫金阁"
57;20;"a8c28998-6ff5-4510-9c18-703791f7f2a7.jpg";"紫金阁HOME"
58;20;"2102c942-5294-43d0-961c-3737e692c0ba.jpg";"紫金阁"
59;20;"780f516a-b9c9-4b2b-8102-b77d52d880f2.jpg";"紫金阁"
60;21;"39945948-95d7-4bbc-a939-f791ca4bf1db.jpg";"廿九閣"
61;21;"5e3908e6-2320-4317-a3a8-9416bd0f0d1a.jpg";"澳洲之夜"
62;21;"025e3796-7119-4a33-a9a4-957bdfaaa677.jpg";""
63;21;"d4898d62-d563-4323-8594-e1815153f1bb.jpg";""
64;21;"e0977ff1-f00b-4f62-b735-3ae254d7a2c9.jpg";""
65;22;"56a10e1e-e68b-4536-be16-7b787e0bc175.jpg";"陆羽"
66;22;"508be73b-964c-421d-9c65-06b818a2867d.jpg";"陆羽"
67;22;"720c7a9e-7f46-48e0-9b84-e033f8adb57f.jpg";"陆羽-茶香多宝鱼"
68;22;"4115c37b-4255-45ae-b7f4-8538aae9cbf0.jpg";"澳大利亚雪花牛肉配昆仑雪菊茶"
69;22;"fcc5c269-29eb-4b13-a530-98cb0a7ff3c8.jpg";"花开富贵"
70;23;"14d892ac-e035-4ebb-bd69-4cc538f80fcd.jpg";"绯"
71;23;"f45a4e19-57f4-480c-b35b-c6b6b26eae93.jpg";"绯"
72;23;"1fabc61c-0b9d-4eaf-a6b8-5fe06e78ce6c.jpg";"绯"
73;23;"6f7bc91c-0347-43b0-a1b8-65600926ee0b.jpg";"绯"
74;24;"aa5cac4d-6831-49bc-b78e-ba1c5301d407.jpg";"威士忌吧"
75;24;"946ab879-36ce-418e-9a54-ea985920ca72.jpg";"威士忌吧"
76;25;"7e7873da-4830-42c9-b2d0-a2b26d27ef52.jpg";"大堂酒廊"
77;25;"95e02492-11fe-4dca-94b7-81069d4c511c.jpg";""
78;26;"8f310611-0227-4512-a362-9203c9f2bf60.jpg";"李奥纳多"
79;26;"3ace600c-7e61-406c-bb9e-7d906ed93d9d.jpg";"李奥纳多"
80;26;"f513e88d-88ae-45a9-b035-0661cd2adb5a.jpg";"大西洋龙虾"
81;26;"356cb5e1-a922-4ac2-8677-5ddb1efea197.jpg";"澳洲‘怀优’牛肉薄片"
82;26;"39420733-6965-48c0-81f6-638a01b4bc50.jpg";"罗西尼澳洲牛西冷排配鹅肝"
83;27;"59e36a56-e1bf-468e-b9ad-b2a2c6d90040.jpg";"连天阁"
84;27;"153f0ab9-b79b-49ad-9cc0-a61e9cd28ca7.jpg";"连天阁"
85;27;"8279c42b-60fa-43da-8f8e-262d821e2cd1.jpg";"连天阁"
86;27;"4035fbc4-f35e-4d3d-b6bf-78991df74e36.jpg";"连天阁"
87;28;"da0da732-3c07-49e6-9131-8c55a5fa431d.jpg";"天府楼"
88;28;"4364618a-5466-4c11-acba-2c0ebe9a8801.jpg";"天府楼"
89;28;"8f73cd7a-0796-4955-be69-4233b3806338.jpg";"四川担担面"
90;28;"da344ea0-ea85-48cb-bcb2-f24991e4acd3.jpg";"四川樟茶鸭"
91;29;"8912f4bd-168b-4d13-8103-659ce49fb3dd.jpg";"水上人家"
92;29;"0f42293d-6bef-4971-8fb3-c8fa37dd2eac.jpg";"宁波土鸡三吃"
93;30;"7ef384da-620f-4ef1-be05-be2740c0b00e.jpg";"吧三十九"
94;31;"8a7fdf36-f4e5-4ee9-9411-a08464a79fde.jpg";"静安廊"
95;31;"ed0b3002-e7d6-463b-9917-8ecd8d020acb.jpg";"静安廊"
96;32;"56e62143-a6f1-49bd-8a6f-89dca3f4500f.jpg";"美食角"
97;33;"44375910-ffbc-400b-b391-1629ec7a02d1.jpg";"全日制餐厅-元"
98;33;"4de83fa9-de2b-4633-92ba-5212545b5d77.jpg";""
99;34;"f33a4e46-e4fb-40b5-99c8-c6f6126164e4.jpg";"驿动大堂吧"
100;34;"7fe6d06e-05c5-44af-bcb3-6834790f71ab.jpg";""
101;35;"8ca163f3-e9bc-4fde-a6e5-678db3137a7d.jpg";"红酒吧-蔓"
102;35;"7b00c99e-d6cd-485b-a50a-ae73a4af76f3.jpg";""
103;36;"624d128c-b6d7-44d3-95bf-918c25c0c169.jpg";"卡颂美味店"
104;36;"44ec842e-973f-4c1b-b9c3-b9b1e9e02e7f.jpg";""
105;37;"ce070b22-b2a4-4219-8642-864915ed6f5b.jpg";"行政酒廊"
106;37;"1468bfa3-90dc-4dc5-9125-0ac5f8ea014f.jpg";""
107;38;"f0366a24-ba1a-483a-bd15-d2db68296ffd.jpg";"百味园"
108;38;"7f3ef570-521a-4766-b374-7007ca2cafda.jpg";"百味园"
109;38;"d2239eca-a4ee-43e7-840c-794f12e21ab6.jpg";"百味园"
110;38;"4e5ae8be-6448-4455-8c32-c9de488c0705.jpg";"百味园"
111;38;"b076839a-68e1-44aa-8048-38aa7ecbddf0.jpg";"百味园"
112;39;"81877db1-f48d-4937-8330-a3cafce56eec.jpg";"Pelham&apos;s餐厅"
113;39;"fef50574-d923-474a-a518-8e535d8e258f.jpg";"Pelham&apos;s餐厅"
114;39;"534df74e-2d7a-4438-838c-42e6db2d0a97.jpg";"Pelham&apos;s餐厅"
115;40;"168430b8-aafb-40d2-b92e-8f5a1521f663.jpg";"蔚景阁中餐厅"
116;40;"0f55b8d7-fc58-4d8e-bb10-63f287b6909a.jpg";"蔚景阁中餐厅"
117;41;"55491c06-e49d-43e9-be93-6d066ad65f10.jpg";"廊吧"
118;41;"5f6df1af-1b19-4d0a-84e1-c49281f02c23.jpg";"廊吧"
119;42;"ab942667-6642-4312-9bb8-506230a3fd13.jpg";"浦江汇"
120;42;"d6974176-24c2-4504-b9b6-bb503b0acfc4.jpg";"浦江汇"
121;43;"e9bd4350-6558-4ede-bd5c-26445d4cfa9c.jpg";"羿庭"
122;43;"a5945641-b5ae-4e9d-90eb-ed122ba28a06.jpg";"羿庭"
123;43;"6c31aa70-f32e-48d0-8174-7798b6afd78c.jpg";"羿庭"
124;43;"230bf108-c8b2-4edf-bbeb-e208bbd04037.jpg";"羿庭"
125;43;"1bc5a7bb-2f81-4c51-8b14-741acef1e9ac.jpg";"羿庭"
126;44;"f078a98c-bf74-4988-a918-128c758695e5.jpg";"晶水坊"
127;45;"0aa2925a-2265-48bc-9170-f3a8e9744e4e.jpg";"咖啡厅"
128;46;"430d824e-74cd-4652-b6fa-1539b4980db2.jpg";"大堂酒廊"
129;47;"f6173f4b-1b10-47b4-bd72-994579e3e5c1.jpg";"金叶庭"
130;47;"02836a43-74d3-4f37-a445-b0c1d411545b.png";"金叶庭 - 姜蓉米酒蒸蟹钳"
131;47;"de627c88-14a0-4e4e-a759-9ab143879f21.jpg";"金叶庭 - 山楂川汁爆蝦球"
132;48;"cac3cd52-9690-420a-9322-507ffc8d9e8b.jpg";"怀欧叙"
133;48;"6163be2f-71d9-4982-ad14-fe50562667fa.jpg";"怀欧叙"
134;48;"00479432-d096-4328-8214-7c7a56aa805f.jpg";"怀欧叙 - 法国海鲈鱼配茴香及橄榄"
135;48;"02b6916c-207c-459b-b873-95c75bb25eb1.jpg";"怀欧叙- 海鲜拼盘"
136;49;"bb61f40d-7f69-4f6e-9a43-28501b75215c.jpg";"咖啡园"
137;49;"33e750d3-3cd6-4d14-ba16-555f4c94c856.jpg";"咖啡园"
138;49;"10476ea2-a29a-4ae0-841a-5f6bfba7e6b2.jpg";"咖啡园 - 凯撒沙拉"
139;49;"d8466b04-486d-44f4-8123-f57fb833dd05.jpg";"咖啡园 - 海南鸡饭"
140;49;"604075de-122c-48de-9b4f-dd8bb7b76b00.jpg";"咖啡园 - 传统炸鱼配薯条"
141;50;"9032ed9d-bada-41d4-ad8f-d10e7682ec4d.jpg";"乐聚廊"
142;50;"8642fca2-9171-4a81-8745-a9ecef9acd45.jpg";"乐聚廊 - 咖哩自助午餐"
143;50;"9ef05cf8-c5ab-4d40-a65c-79524b3961eb.jpg";"乐聚廊 - 西式下午茶"
144;50;"6028ea07-b3cb-42d3-b832-00a00e2dcb68.jpg";"乐聚廊 - 週末香烤自助午餐"
145;51;"849e8ac5-747c-4a10-9f1c-7ca377ba322d.jpg";"宝丝吧"
146;52;"6fbe4b39-d5fc-467f-b97d-c9519d455403.jpg";""
147;53;"f9830c91-01ce-4fa6-9652-3dab33430ece.jpg";""
148;54;"cbad2c98-5dd0-4246-ac09-f91e748fa3a5.jpg";""
149;55;"ca40d0ab-0359-4fce-9335-fb5712fde60f.jpg";"醉月厅中餐厅"
150;56;"8f4d5b51-6783-43b9-a0c7-f435502ed06b.jpg";""
151;56;"56ba6db0-b525-4f5a-8420-13f76f086332.jpg";""
152;56;"7305a9ff-a933-4fc5-ac15-91a44ca4e157.jpg";""
153;56;"83bd1019-000a-4d6b-82be-993e07d22aa6.jpg";""
154;57;"3ba12114-d2d2-4196-bd7e-b72cad10d8e9.jpg";""
155;57;"e7283821-666f-482d-a8ae-8518146b7d50.jpg";""
156;58;"1cf4ba04-a961-4d01-899f-5a1aa38cd560.jpg";""
157;58;"c3d9b8c1-fe56-4411-a53f-5485604a460e.jpg";""
158;59;"b6e3d098-7eb0-4fc0-b54e-d7e37ac7c8f1.jpg";"享味全日制餐厅"
159;60;"3c1019c4-6c48-4393-9b04-351c41c35d2a.jpg";"悦轩中餐厅"
160;61;"4aefa1b4-b96c-4064-b2bc-565cac2897df.jpg";"大堂吧"
161;62;"70e0cb7f-0b9a-462b-8e08-296b0e254c6a.jpg";"“丰园”中餐厅"
162;63;"54aa6fff-5d44-498d-b3f2-3e51eee96ed2.jpg";"“冰源”餐厅"
163;64;"ea11cb6c-41fd-4194-af03-092a24443204.jpg";"“霖轩”大堂吧"
164;65;"8211a79e-2105-45b1-bee0-182dd34ca53c.jpg";"海趣缘沙滩吧"
165;66;"04e43245-9c44-4f1f-a509-08600b3c81f6.jpg";"“锦湾”酒吧"
166;67;"68261e4a-a539-4e5b-920f-3cbb1ada8549.jpg";"啦啦吧"
167;68;"f30a6d7e-aac7-4da0-8a1f-eb00e500cd8c.jpg";"海棠轩中餐厅"
168;69;"91164721-9ad2-4d99-8e7f-6b1b37e21c3f.jpg";"怡园 - 全天侯餐厅"
169;70;"fc0cdc63-9a8e-4e36-a0c8-e1e5768ce011.jpg";"望海阁"
170;71;"dbc66779-45c9-4d3d-a004-53e0166390e7.jpg";"“沁”特色餐厅"
171;72;"e0ce9f6e-8309-4c06-afa6-586ce457172e.jpg";"OPEN全日餐厅"
172;72;"3f22c749-52ff-45b5-8cc5-e2f9a99e18c9.jpg";"BBQ自助烧烤晚餐"
173;73;"6348ea07-daf7-4d02-ab71-a6dae51665fb.jpg";"御玺中餐厅"
174;73;"922d41bb-98f3-4841-9cc4-f3d5a243e796.jpg";"御玺中餐厅桫椤包厢"
175;73;"99a78461-6aa6-4712-a9ce-2c62b7969912.jpg";""
176;74;"7232f66b-cccc-49e7-beb4-dc1782783323.jpg";"面道"
177;75;"4134fd97-2f63-461d-bbc2-984c836cf0a5.jpg";""
178;76;"c8e09d50-ec40-45de-867d-16eb971ad870.jpg";""
179;77;"544db533-9434-4c04-a77f-b07b2e2b3c1f.jpg";""
180;78;"28e584ae-ec50-420e-b743-1a5632601748.jpg";"T酒廊"
181;79;"884a9e38-823c-4a41-93b8-501463022e47.jpg";""
182;80;"c97c4ac7-c995-49bf-8573-42281bdd7a83.jpg";"&quot;源氏&quot;日餐厅"
183;81;"4da5bc5a-1134-4d12-8695-ea939cc51578.jpg";"地阔全日制餐厅"
184;82;"1412e969-84d3-4cdf-a748-05600dbcb0c7.jpg";"地阔酒吧"
185;83;"24947d5c-476e-4869-8d1f-3fc13b3a05b7.jpg";"东北街"
186;84;"e64aa2c3-0009-40f9-8942-7a9363f2420d.jpg";""
187;85;"884a588d-121e-42cb-be6f-faf63b0ce3c0.jpg";"鲜 餐厅"
188;86;"39671579-00c9-4791-8daa-a9148348f4bd.jpg";"感趣自助餐厅"
189;87;"b5a045e9-b3cf-412d-80b4-2f4b306c62c0.jpg";"酌宴府中餐厅"
190;88;"707d49aa-eeaa-4ef9-8fc1-ddf047664494.jpg";"炫逸吧"
191;89;"4b67c5c2-37bd-4f07-ad9b-827470c5c777.jpg";"酝聚酒廊"
192;90;"6ac98d87-81bb-4de4-a294-40954ffe19f1.jpg";""
193;91;"a23e2ecd-8e1e-4d28-a248-849c4bfc9398.jpg";""
194;92;"066bf001-c123-4115-9f63-da59b98fea77.jpg";""
195;93;"6c3299ad-653c-47b0-b848-e8673cdbd57f.jpg";""
196;94;"fcb767e5-1109-47a9-8eb6-3fafc643ae24.jpg";""
197;95;"46b42f61-068a-4f45-a3fb-08207a553cd0.jpg";""
198;96;"85f3d873-94d0-407f-952c-6febb4bb4f7f.jpg";"全日制餐厅"
199;97;"644b7d05-7f83-4314-98c5-59a627abbc6a.jpg";"东园阁中餐厅"
200;98;"7efb196c-e51e-4783-9b24-f9ea1ed4e7cd.jpg";"大堂茶廊"
201;99;"0b55844a-2ac0-4c59-8345-343ce00e8934.jpg";"布里斯吧"
202;100;"bca7daaf-e576-44ae-b1bf-44434f7acabf.jpg";"甜速站"
203;101;"9ef0d841-226e-4716-8965-43682bde7ee7.jpg";""
204;101;"b0990027-af92-42ea-b6b8-410d47fdcf9f.jpg";""
205;102;"92b199ad-c168-4ec3-8aa0-212a4c56c289.jpg";""
206;103;"93efd513-a72c-4f3c-9d4a-c7a7c87755e4.jpg";""
207;103;"704c6413-ae22-42c4-bf21-8abd1279f0e8.jpg";""
208;104;"c8e88c4b-a57f-4444-b71c-b033f3db8c44.jpg";""
209;105;"fcd5e0dd-211c-4a24-8ca4-27cbd2dbafb9.jpg";""
210;106;"f3f323bb-7fa7-45ee-ae37-6ec1672e2072.jpg";""
211;107;"27b5d833-0d93-409a-929f-1407aee4e364.jpg";""
212;108;"9ae595bb-33fc-4478-af4e-003f05e92f57.jpg";""
213;109;"5406e006-2530-4576-9acb-daf0c3072625.jpg";"咖啡厅"
214;109;"bcc3070a-68f8-45d5-ad6f-76b090a2220f.jpg";""
215;109;"a9d607d6-e4b1-4952-b058-34842b2cd236.jpg";""
216;110;"82239214-4cdf-416c-a3a4-0dec162cfb63.jpg";"随园中餐厅"
217;110;"a8ca99b2-ecac-418a-a907-98440862b2ea.jpg";""
218;111;"944abe3b-e57e-405f-bafa-8e301090ef6c.jpg";"小雅扒房"
219;112;"5afe1528-9b4c-4a76-abcc-aefefc741c6d.jpg";""
220;113;"e2e15ba8-c684-4e34-b2ab-b0f54d039b77.jpg";"禅餐厅"
221;114;"622c46cf-498d-480d-94d3-a5720ed0413a.jpg";"凤还巢中餐厅"
222;115;"68cc1a41-1c1b-4479-82a2-2bb992aa9d2d.jpg";"莺蝶舸大堂吧"
223;116;"69ef8f26-71ca-451e-9842-71980dcd23ed.jpg";"咖啡基诺"
224;117;"8ba85b97-90a6-4b0c-ab23-74cbc216ad5b.jpg";"SOHO酒吧"
225;118;"53574de8-7d49-424a-a211-0b894a6abcc4.jpg";"鲜·咖啡"
226;119;"834e6bf9-dbc5-42c2-b1ef-34b50014ed50.jpg";"长乐宫"
227;119;"1640cc34-0318-4498-b20b-02c7cb585a8b.jpg";"长乐宫"
228;120;"23f0756a-1ea2-45dd-8ae5-5795aae7dbc5.jpg";"大堂酒廊"
229;121;"56f3b21c-a139-4089-9a1d-14ebb02cac40.jpg";""
230;122;"a51f020a-70b8-463b-9555-229457ce782e.jpg";""
231;123;"c10ddae1-20c8-4c16-aeb0-81a7680027a8.jpg";""
232;124;"7b4250db-3ee2-4928-ad28-b6c19563efee.jpg";"泛亚餐厅"
233;125;"b3eaea07-6476-40a3-8082-b34c4bf4e9b5.jpg";"一品阁"
234;126;"16bdfb85-c0cb-4405-aacf-e7189333aad7.jpg";"大堂酒廊"
235;127;"148f1f26-d4c3-488b-bede-fb4d09ae0a78.jpg";"壹咖啡"
236;128;"047fe9c5-d8d1-43ee-9191-f1751fc48fca.jpg";""
237;129;"8945662c-9996-4f21-9421-4bec4f083d32.jpg";""
238;130;"c9a774de-8aad-46f4-a9cf-3c7081d2f700.jpg";""
239;131;"616a990d-6eb2-495f-ad00-064a82f2cdf1.jpg";""
240;132;"57239ae4-bb85-4e28-ae05-cdbc4c03fa00.jpg";"金沙滩全日餐厅"
241;133;"09c12583-2cee-4c17-becc-5b936a25cfa2.jpg";"胶澳中餐厅包房"
242;133;"21aae2b8-2fb0-49ca-882a-0d624c76a82e.jpg";"胶澳中餐厅"
243;134;"6ad7c89e-aba4-48b7-8543-4e5b369a9c1d.jpg";"大堂吧"
244;135;"a28a54cf-d2db-45db-95de-2334607214f2.jpg";""
245;136;"cd87db73-f9ae-4049-a51a-794979d8fcc4.jpg";"“開”全日制餐厅"
246;137;"8a021d3c-c09d-4a2f-b6c8-7be3a5c5ecbf.jpg";"“御玺”中餐厅"
247;138;"45a47a75-a3db-406e-818c-24b8bf2e0982.jpg";" “SAKAYA”日餐厅"
248;139;"2531208f-999c-4b4f-96fe-7c8ddb43904a.jpg";"CHA吧"
249;140;"9444fb63-2ddc-444a-b120-8a1f1c747225.jpg";""
250;141;"28434f11-8f2a-43fa-b69f-c24a0a7b6a82.jpg";"秋境大堂吧"
251;142;"c0b14ab1-b0e8-4acb-a05a-c970175010a5.jpg";"汇全日西餐厅"
252;143;"bed65894-cb80-42a7-bd02-ab412b8539ff.jpg";"粤扬中餐厅"
253;144;"8e741832-eac1-46c7-8cc4-1c74814cabcb.jpg";""
254;145;"519b878c-c652-46e1-acb3-40cbd538e4a5.jpg";""
255;146;"570a6bda-783f-4c42-a9c4-2619252ab0bf.jpg";""
256;147;"a25a9ee1-8b5c-4c1a-8ea8-68de30e1e977.jpg";"悦河咖啡厅"
257;148;"3e09c486-3721-4220-af88-fc4321ff7d9d.jpg";""
258;149;"70c247bb-ef9a-4e41-b484-b955248422a3.jpg";""
259;150;"d60eff0a-d43a-43bb-8c97-60a1c302ecc3.jpg";"菩提中餐厅"
260;150;"008bd754-b9ea-4487-97dd-acd429195ee4.jpg";"中餐厅前厅"
261;151;"f9f8e465-516d-47bb-9cda-930e1f0a8884.jpg";"味餐厅"
262;151;"d466376e-d1d6-4427-8b64-c68caf67a426.jpg";"味餐厅"
263;152;"a8762ba5-c2f0-4f15-867e-e6ec1930d72e.jpg";"红吧"
264;153;"4f48f438-4e76-4b7b-a851-ec354f0debe0.jpg";"林廊"
265;154;"2819385a-d638-4337-9268-941f084759a5.jpg";""
266;154;"c85ec357-d628-4863-a0ef-377f0ae01591.jpg";""
267;154;"cd81390c-8ece-4158-b66c-b05966fa689a.jpg";""
268;154;"a11ab915-251b-46c1-9c36-0032f300303b.jpg";""
269;155;"6348fa21-747d-42c5-9524-14ab01a013d8.jpg";""
270;156;"66baf1dc-187f-47f7-94fd-64f8c14bd968.jpg";""
271;157;"7ff13c6e-59b6-487b-a6d9-cf76bf047105.jpg";"中国坊中餐厅"
272;158;"32569298-5bc8-40b6-b60e-61b511d33367.jpg";"诗凯澜大堂吧"
273;159;"e4229fdc-1939-4ac6-b5dc-d25cff07e32f.jpg";"视界美食餐厅"
274;160;"c8ebccdf-7db5-4ce6-8764-f3a7b46f2e28.jpg";"秀扒房特色餐厅"
275;161;"19680a3f-1073-44f0-b028-c0987ffaf35b.jpg";"CAFE DELI 甜品站"
276;162;"28820fed-445f-487b-b3c6-2cc5e504154a.jpg";"顶点吧"
277;163;"0bc6c96f-f93e-4d69-a9f3-1643e1116f48.jpg";"360°"
278;164;"92313a7d-535d-4d9f-8dfc-56b7b00e1415.jpg";"碧空"
279;165;"239a600e-1764-409a-b35b-42c5a608f4e7.jpg";"T酒廊"
280;166;"36da3fc1-5c8f-4609-9462-4fd34a6e8e34.jpg";"意桥"
281;167;"0c39e086-22fe-4456-b168-a9c1af36d394.jpg";"開餐厅02"
282;167;"a91ecd53-18de-4c66-b911-861d01ffbcac.jpg";"開餐厅01"
283;168;"d826881a-93a2-4d06-bc00-b00f9c68b715.jpg";"御壐中餐厅03"
284;168;"a241c156-0e36-4e16-88db-7497ff145749.jpg";"御壐中餐厅01"
285;168;"1c3e7d81-fdc2-48e9-8422-ee15ba2fce56.jpg";"御壐中餐厅02"
286;168;"ce6adfdb-fd9b-4cfe-b75c-377e808400ea.jpg";"御壐中餐厅04"
287;168;"8f98ef87-d0c0-42ab-966e-b1e5b49ab876.jpg";"御壐中餐厅05"
288;169;"4ead9740-0f9d-4db0-9237-8082ee8b9aae.jpg";"禾汇轩"
289;170;"9018bfa4-6344-4506-8019-78c906e8c1f4.jpg";"锦廊大堂吧01"
290;170;"27ffdb23-555f-4063-8fe5-b23d8f9bce5a.jpg";"锦廊大堂吧02"
291;171;"75c500cb-3c75-4fb6-83cb-bcf8eb903fa5.jpg";"八元素"
292;172;"24086bcb-457d-4a26-8e20-116c3c6da4fc.jpg";"豫园中餐厅"
293;173;"b93e893a-a9d9-476d-aae7-4692336fe7db.jpg";"阿米奇特色餐厅"
294;174;"3af2bbfe-940f-4ae0-a639-31893ff2f742.jpg";"大堂吧"
295;175;"ae5ccfa1-6c80-4f5e-be34-1ca1fd302cbb.jpg";"阿米奇吧"
296;176;"bcbaaad1-8d69-41cf-96ab-0bafd7319fe7.jpg";"OPEN"
297;176;"0251cec1-2839-4949-a35b-a64a4c3c9455.jpg";""
298;177;"de40aa6e-120d-47d4-93c4-227e8bb2e94d.jpg";"随轩"
299;177;"25a9c930-5d62-4819-8dde-8d75940e8dd3.jpg";""
300;178;"ca13d379-6d58-4dd1-b7f0-c37d899e7970.jpg";"烧烤餐厅"
301;178;"fc2de118-bea4-4040-bc2b-b4fb0f017f63.jpg";""
302;179;"eb9a7d54-db46-4b36-ba99-710f1d1b9239.jpg";""
303;179;"486847a3-9cbf-49ca-a0ad-df9f8ba9a173.jpg";"观廊"
304;180;"b5566f05-1796-4baf-b163-93306d01380c.jpg";"伊甸园"
305;181;"bdc501bf-888e-4ea2-a385-3362045d6bb8.jpg";"池畔餐厅"
306;182;"6bdd69d0-d638-470b-8510-1ccc5478f7c7.jpg";"念 - 全日制自助餐厅"
307;183;"b227eef8-4573-4d69-bf4b-8ca95f39f27c.jpg";""
308;184;"4c393606-aa46-49e0-9a19-0c3894c7354a.jpg";""
309;185;"8845d7b3-7daf-4718-8b7a-ac2744beec73.jpg";""
310;186;"6558a8de-dec2-4b7e-81f6-743fc7b87b95.jpg";""
311;187;"bfab611e-ed32-4bd4-86e5-f1ccc1acca15.jpg";"花荟.品吧"
312;188;"26058b5f-d9b9-44ba-b09e-4161a64743b1.jpg";""
313;189;"2efbeb03-710e-4dc5-9526-4a887976f0bf.jpg";""
314;189;"250dd6cd-1509-4f97-8dd1-64443b62c137.jpg";""
315;190;"53940768-57ea-4daf-b343-c2617466436f.jpg";""
316;191;"ebbf9a97-a458-4302-82e2-86ef3e3b9ac4.jpg";""
317;192;"70c44723-bcba-43b7-b1a7-f9781a58571e.jpg";"创味全日餐厅"
318;193;"a43d0a21-48ea-4afb-a9a3-2b1a60554ce3.jpg";"御玺"
319;194;"5eb37faa-9a78-49f2-985a-4d5e1a8f8adb.jpg";"厨意意大利餐厅"
320;195;"9b40774f-6623-42db-9aa2-55e1c810089f.jpg";"谷韵酒吧"
321;196;"f55f0ede-6d26-414c-bd68-ce46087ff0f7.jpg";"天空大堂吧"
